INSERT INTO `serv_client_details` (`id`, `access_token_validity`, `additional_information`, `authorities`, `auto_approve_scopes`, `client_id`, `grant_types`, `redirect`, `refresh_token_validity`, `resource_ids`, `scope`, `secret`) VALUES (1, 28800, NULL, NULL, 'test', 'test', 'password,authorization_code', NULL, 28800, NULL, 'test', '123456');
INSERT INTO `serv_client_details` (`id`, `access_token_validity`, `additional_information`, `authorities`, `auto_approve_scopes`, `client_id`, `grant_types`, `redirect`, `refresh_token_validity`, `resource_ids`, `scope`, `secret`) VALUES (2, 28800, NULL, NULL, 'callback', 'callback', 'password,authorization_code', NULL, 28800, NULL, 'callback', '123456');
INSERT INTO `serv_client_details` (`id`, `access_token_validity`, `additional_information`, `authorities`, `auto_approve_scopes`, `client_id`, `grant_types`, `redirect`, `refresh_token_validity`, `resource_ids`, `scope`, `secret`) VALUES (3, 1800, NULL, NULL, 'quickapp', 'quickapp', 'password,authorization_code', NULL, 1800, NULL, 'quickapp', '123456');
INSERT INTO `serv_client_details` (`id`, `access_token_validity`, `additional_information`, `authorities`, `auto_approve_scopes`, `client_id`, `grant_types`, `redirect`, `refresh_token_validity`, `resource_ids`, `scope`, `secret`) VALUES (4, 1800, NULL, NULL, 'tpmanager', 'tpmanager', 'password,authorization_code', NULL, 1800, NULL, 'tpmanager', '123456');


delete from `serv_user_info` where user_name = 'admin' or user_name = 'callback' ;
INSERT INTO `serv_user_info` (`id`,`nick_name`,`org_code`,`state`) VALUES ('1',NULL,'000','1');
INSERT INTO `serv_user_info` (`id`,`nick_name`,`org_code`,`state`) VALUES ('2',NULL,'000','1');
update `serv_user_info`  set  user_name = 'admin' ,pass_word = 	'mont@35441' where id = 1;
UPDATE `serv_user_info`  SET  user_name = 'callback' ,pass_word = 'mont@callback' WHERE id = 2;

insert into `org_resource_defined` (`id`, `note`, `resource_group`, `resource_name`, `resource_type`, `status`, `org_code`) values('2','商家日志表','商家','serv_merchant_log','mysql','1','000');
insert into `org_resource_defined` (`id`, `note`, `resource_group`, `resource_name`, `resource_type`, `status`, `org_code`) values('3','端口主表','端口','serv_port','mysql','1','000');
insert into `org_resource_defined` (`id`, `note`, `resource_group`, `resource_name`, `resource_type`, `status`, `org_code`) values('4','端口日志表','端口','serv_port_log','mysql','1','000');
insert into `org_resource_defined` (`id`, `note`, `resource_group`, `resource_name`, `resource_type`, `status`, `org_code`) values('5','菜单日志表','菜单','serv_menu_log','mysql','1','000');
insert into `org_resource_defined` (`id`, `note`, `resource_group`, `resource_name`, `resource_type`, `status`, `org_code`) values('6','菜单主表','菜单','serv_menu','mysql','1','000');
insert into `org_resource_defined` (`id`, `note`, `resource_group`, `resource_name`, `resource_type`, `status`, `org_code`) values('7','功能定义','组织','org_resource_defined','mysql','1','000');
insert into `org_resource_defined` (`id`, `note`, `resource_group`, `resource_name`, `resource_type`, `status`, `org_code`) values('8','组织定义','组织','org_code_defined','mysql','1','000');
insert into `org_resource_defined` (`id`, `note`, `resource_group`, `resource_name`, `resource_type`, `status`, `org_code`) values('9','组织授权','组织','org_user_granted','mysql','1','000');
insert into `org_resource_defined` (`id`, `note`, `resource_group`, `resource_name`, `resource_type`, `status`, `org_code`) values('10','商家主表','商家','serv_merchant','mysql','1','000');
insert into `org_resource_defined` (`id`, `note`, `resource_group`, `resource_name`, `resource_type`, `status`, `org_code`) values('11','服务号主表','服务号','serv_pub','mysql','1','000');
insert into `org_resource_defined` (`id`, `note`, `resource_group`, `resource_name`, `resource_type`, `status`, `org_code`) values('12','主页主表','主页','serv_portal','mysql','1','000');
insert into `org_resource_defined` (`id`, `note`, `resource_group`, `resource_name`, `resource_type`, `status`, `org_code`) values('13','服务号日志表','服务号','serv_pub_log','mysql','1','000');
insert into `org_resource_defined` (`id`, `note`, `resource_group`, `resource_name`, `resource_type`, `status`, `org_code`) values('14','主页日志表','主页','serv_portal_log','mysql','1','000');
insert into `org_resource_defined` (`id`, `note`, `resource_group`, `resource_name`, `resource_type`, `status`, `org_code`) values('15','账户表','用户','serv_user_info','mysql','1','000');
insert into `org_resource_defined` (`id`, `note`, `resource_group`, `resource_name`, `resource_type`, `status`, `org_code`) values('16','新建用户','用户','/UserInfoManage/add','api','1','000');
insert into `org_resource_defined` (`id`, `note`, `resource_group`, `resource_name`, `resource_type`, `status`, `org_code`) values('17','用户列表查看','用户','/UserInfoManage/query','api','1','000');
insert into `org_resource_defined` (`id`, `note`, `resource_group`, `resource_name`, `resource_type`, `status`, `org_code`) values('18','用户修改','用户','/UserInfoManage/updateUserInfo','api','1','000');
insert into `org_resource_defined` (`id`, `note`, `resource_group`, `resource_name`, `resource_type`, `status`, `org_code`) values('19','用户删除','用户','/UserInfoManage/delUserInfoById','api','1','000');
insert into `org_resource_defined` (`id`, `note`, `resource_group`, `resource_name`, `resource_type`, `status`, `org_code`) values('20','修改密码(管理)','用户','/UserInfoManage/changepwd','api','1','000');
insert into `org_resource_defined` (`id`, `note`, `resource_group`, `resource_name`, `resource_type`, `status`, `org_code`) values('21','用户详情','用户','/UserInfoManage/getuserinfo','api','1','000');
insert into `org_resource_defined` (`id`, `note`, `resource_group`, `resource_name`, `resource_type`, `status`, `org_code`) values('22','根据姓名查看详情','用户','/UserInfoManage/getUserInfoByUserName','api','1','000');
insert into `org_resource_defined` (`id`, `note`, `resource_group`, `resource_name`, `resource_type`, `status`, `org_code`) values('23','用户下线','用户','/UserInfoManage/forceOffLine','api','1','000');
insert into `org_resource_defined` (`id`, `note`, `resource_group`, `resource_name`, `resource_type`, `status`, `org_code`) values('24','授权列表','组织','/UserInfoManage/getUserGranted','api','1','000');
insert into `org_resource_defined` (`id`, `note`, `resource_group`, `resource_name`, `resource_type`, `status`, `org_code`) values('25','组织新增','组织','/OrgManage/saveOrg','api','1','000');
insert into `org_resource_defined` (`id`, `note`, `resource_group`, `resource_name`, `resource_type`, `status`, `org_code`) values('26','组织更新','组织','/OrgManage/updateOrg','api','1','000');
insert into `org_resource_defined` (`id`, `note`, `resource_group`, `resource_name`, `resource_type`, `status`, `org_code`) values('27','组织批量新增','组织','/OrgManage/saveOrgByExcel','api','1','000');
insert into `org_resource_defined` (`id`, `note`, `resource_group`, `resource_name`, `resource_type`, `status`, `org_code`) values('28','组织禁用','组织','/OrgManage/disableOrg','api','1','000');
insert into `org_resource_defined` (`id`, `note`, `resource_group`, `resource_name`, `resource_type`, `status`, `org_code`) values('29','组织启用','组织','/OrgManage/openOrg','api','1','000');
insert into `org_resource_defined` (`id`, `note`, `resource_group`, `resource_name`, `resource_type`, `status`, `org_code`) values('30','组织查询','组织','/OrgManage/queryOrg','api','1','000');
insert into `org_resource_defined` (`id`, `note`, `resource_group`, `resource_name`, `resource_type`, `status`, `org_code`) values('31','组织查询(多层级)','组织','/OrgManage/queryMulOrgs','api','1','000');
insert into `org_resource_defined` (`id`, `note`, `resource_group`, `resource_name`, `resource_type`, `status`, `org_code`) values('36','用户授权','组织','/PowerManage/grant','api','1','000');
insert into `org_resource_defined` (`id`, `note`, `resource_group`, `resource_name`, `resource_type`, `status`, `org_code`) values('37','用户驳权','组织','/PowerManage/reject','api','1','000');
insert into `org_resource_defined` (`id`, `note`, `resource_group`, `resource_name`, `resource_type`, `status`, `org_code`) values('38','分组授权','组织','/GroupManage/grantByGroup','api','1','000');
insert into `org_resource_defined` (`id`, `note`, `resource_group`, `resource_name`, `resource_type`, `status`, `org_code`) values('39','权限表','权限','org_power_item','mysql','1','000');
insert into `org_resource_defined` (`id`, `note`, `resource_group`, `resource_name`, `resource_type`, `status`, `org_code`) values('40','权限分组表','权限','org_power_group','mysql','1','000');
insert into `org_resource_defined` (`id`, `note`, `resource_group`, `resource_name`, `resource_type`, `status`, `org_code`) values('41','用户权限表','权限','org_user_power','mysql','1','000');
insert into `org_resource_defined` (`id`, `note`, `resource_group`, `resource_name`, `resource_type`, `status`, `org_code`) values('42','添加分组','权限','/GroupManage/addGroup','api','1','000');
insert into `org_resource_defined` (`id`, `note`, `resource_group`, `resource_name`, `resource_type`, `status`, `org_code`) values('43','删除分组','权限','/GroupManage/deletePowerGroup','api','1','000');
insert into `org_resource_defined` (`id`, `note`, `resource_group`, `resource_name`, `resource_type`, `status`, `org_code`) values('44','添加权限分组子项','权限','/GroupManage/addPowerToGroup','api','1','000');
insert into `org_resource_defined` (`id`, `note`, `resource_group`, `resource_name`, `resource_type`, `status`, `org_code`) values('45','删除权限分组子项','权限','/GroupManage/deleteGroup','api','1','000');
insert into `org_resource_defined` (`id`, `note`, `resource_group`, `resource_name`, `resource_type`, `status`, `org_code`) values('46','查询权限分组','权限','/GroupManage/queryGroup','api','1','000');


insert into `org_power` (`id`, `auth_code`, `group_name`, `note`, `status`) values('1','000','商家查看','商家查看','1');
insert into `org_power` (`id`, `auth_code`, `group_name`, `note`, `status`) values('2','000','商家入驻','商家入驻','1');
insert into `org_power` (`id`, `auth_code`, `group_name`, `note`, `status`) values('3','000','商家修改','商家修改','1');
insert into `org_power` (`id`, `auth_code`, `group_name`, `note`, `status`) values('4','000','同步资源','同步资源','1');
insert into `org_power` (`id`, `auth_code`, `group_name`, `note`, `status`) values('5','000','端口号查看','端口号查看','1');
insert into `org_power` (`id`, `auth_code`, `group_name`, `note`, `status`) values('6','000','端口号创建','端口号创建','1');
insert into `org_power` (`id`, `auth_code`, `group_name`, `note`, `status`) values('7','000','端口号修改','端口号修改','1');
insert into `org_power` (`id`, `auth_code`, `group_name`, `note`, `status`) values('8','000','端口号删除','端口号删除','1');
insert into `org_power` (`id`, `auth_code`, `group_name`, `note`, `status`) values('9','000','服务号查看','服务号查看','1');
insert into `org_power` (`id`, `auth_code`, `group_name`, `note`, `status`) values('10','000','服务号创建','服务号创建','1');
insert into `org_power` (`id`, `auth_code`, `group_name`, `note`, `status`) values('11','000','服务号修改','服务号修改','1');
insert into `org_power` (`id`, `auth_code`, `group_name`, `note`, `status`) values('12','000','服务号删除','服务号删除','1');
insert into `org_power` (`id`, `auth_code`, `group_name`, `note`, `status`) values('13','000','商家冻结','商家冻结','1');
insert into `org_power` (`id`, `auth_code`, `group_name`, `note`, `status`) values('14','000','主页查看','主页查看','1');
insert into `org_power` (`id`, `auth_code`, `group_name`, `note`, `status`) values('15','000','主页创建','主页创建','1');
insert into `org_power` (`id`, `auth_code`, `group_name`, `note`, `status`) values('16','000','主页修改','主页修改','1');
insert into `org_power` (`id`, `auth_code`, `group_name`, `note`, `status`) values('17','000','主页删除','主页删除','1');
insert into `org_power` (`id`, `auth_code`, `group_name`, `note`, `status`) values('18','000','主页克隆','主页克隆','1');
insert into `org_power` (`id`, `auth_code`, `group_name`, `note`, `status`) values('19','000','菜单查看','菜单查看','1');
insert into `org_power` (`id`, `auth_code`, `group_name`, `note`, `status`) values('20','000','菜单创建','菜单创建','1');
insert into `org_power` (`id`, `auth_code`, `group_name`, `note`, `status`) values('21','000','菜单修改','菜单修改','1');
insert into `org_power` (`id`, `auth_code`, `group_name`, `note`, `status`) values('22','000','菜单删除','菜单删除','1');
insert into `org_power` (`id`, `auth_code`, `group_name`, `note`, `status`) values('23','000','菜单克隆','菜单克隆','1');
insert into `org_power` (`id`, `auth_code`, `group_name`, `note`, `status`) values('24','000','查看账户列表','查看账户列表','1');
insert into `org_power` (`id`, `auth_code`, `group_name`, `note`, `status`) values('25','000','新增账户','新增账户','1');
insert into `org_power` (`id`, `auth_code`, `group_name`, `note`, `status`) values('26','000','删除账户','删除账户','1');
insert into `org_power` (`id`, `auth_code`, `group_name`, `note`, `status`) values('27','000','修改账户','修改账户','1');
insert into `org_power` (`id`, `auth_code`, `group_name`, `note`, `status`) values('28','000','修改密码(管理)','修改密码(管理)','1');
insert into `org_power` (`id`, `auth_code`, `group_name`, `note`, `status`) values('29','000','修改密码(个人)','修改密码(个人)','1');
insert into `org_power` (`id`, `auth_code`, `group_name`, `note`, `status`) values('30','000','查看账户信息(管理)','查看账户信息(管理)','1');
insert into `org_power` (`id`, `auth_code`, `group_name`, `note`, `status`) values('31','000','组织查看','组织查看','1');
insert into `org_power` (`id`, `auth_code`, `group_name`, `note`, `status`) values('32','000','组织新增','组织新增','1');
insert into `org_power` (`id`, `auth_code`, `group_name`, `note`, `status`) values('33','000','组织禁用','组织禁用','1');
insert into `org_power` (`id`, `auth_code`, `group_name`, `note`, `status`) values('34','000','组织启用','组织启用','1');
insert into `org_power` (`id`, `auth_code`, `group_name`, `note`, `status`) values('35','000','用户授权','用户授权','1');
insert into `org_power` (`id`, `auth_code`, `group_name`, `note`, `status`) values('36','000','删除授权','删除授权','1');
insert into `org_power` (`id`, `auth_code`, `group_name`, `note`, `status`) values('37','000','用户下线','用户下线','1');
insert into `org_power` (`id`, `auth_code`, `group_name`, `note`, `status`) values('41','000','权限分组','权限分组','1');
insert into `org_power` (`id`, `auth_code`, `group_name`, `note`, `status`) values('42','000','组织更新','组织更新','1');
insert into `org_power` (`id`, `auth_code`, `group_name`, `note`, `status`) values('43','000','基础权限','基础权限','1');



insert into `org_user_power` (`id`, `account`, `create_account`, `org_code`, `power_name`, `power_note`, `status`, `power_id`) values('1','callback','admin','000','商家查看','商家查看','1','1');
insert into `org_user_power` (`id`, `account`, `create_account`, `org_code`, `power_name`, `power_note`, `status`, `power_id`) values('2','callback','admin','000','商家入驻','商家入驻','1','2');
insert into `org_user_power` (`id`, `account`, `create_account`, `org_code`, `power_name`, `power_note`, `status`, `power_id`) values('3','callback','admin','000','商家修改','商家修改','1','3');
insert into `org_user_power` (`id`, `account`, `create_account`, `org_code`, `power_name`, `power_note`, `status`, `power_id`) values('4','callback','admin','000','同步资源','同步资源','1','4');
insert into `org_user_power` (`id`, `account`, `create_account`, `org_code`, `power_name`, `power_note`, `status`, `power_id`) values('5','callback','admin','000','端口号查看','端口号查看','1','5');
insert into `org_user_power` (`id`, `account`, `create_account`, `org_code`, `power_name`, `power_note`, `status`, `power_id`) values('6','callback','admin','000','端口号创建','端口号创建','1','6');
insert into `org_user_power` (`id`, `account`, `create_account`, `org_code`, `power_name`, `power_note`, `status`, `power_id`) values('7','callback','admin','000','端口号修改','端口号修改','1','7');
insert into `org_user_power` (`id`, `account`, `create_account`, `org_code`, `power_name`, `power_note`, `status`, `power_id`) values('8','callback','admin','000','端口号删除','端口号删除','1','8');
insert into `org_user_power` (`id`, `account`, `create_account`, `org_code`, `power_name`, `power_note`, `status`, `power_id`) values('9','callback','admin','000','服务号查看','服务号查看','1','9');
insert into `org_user_power` (`id`, `account`, `create_account`, `org_code`, `power_name`, `power_note`, `status`, `power_id`) values('10','callback','admin','000','服务号创建','服务号创建','1','10');
insert into `org_user_power` (`id`, `account`, `create_account`, `org_code`, `power_name`, `power_note`, `status`, `power_id`) values('11','callback','admin','000','服务号修改','服务号修改','1','11');
insert into `org_user_power` (`id`, `account`, `create_account`, `org_code`, `power_name`, `power_note`, `status`, `power_id`) values('12','callback','admin','000','服务号删除','服务号删除','1','12');
insert into `org_user_power` (`id`, `account`, `create_account`, `org_code`, `power_name`, `power_note`, `status`, `power_id`) values('13','callback','admin','000','商家冻结','商家冻结','1','13');
insert into `org_user_power` (`id`, `account`, `create_account`, `org_code`, `power_name`, `power_note`, `status`, `power_id`) values('14','callback','admin','000','主页查看','主页查看','1','14');
insert into `org_user_power` (`id`, `account`, `create_account`, `org_code`, `power_name`, `power_note`, `status`, `power_id`) values('15','callback','admin','000','主页创建','主页创建','1','15');
insert into `org_user_power` (`id`, `account`, `create_account`, `org_code`, `power_name`, `power_note`, `status`, `power_id`) values('16','callback','admin','000','主页修改','主页修改','1','16');
insert into `org_user_power` (`id`, `account`, `create_account`, `org_code`, `power_name`, `power_note`, `status`, `power_id`) values('17','callback','admin','000','主页删除','主页删除','1','17');
insert into `org_user_power` (`id`, `account`, `create_account`, `org_code`, `power_name`, `power_note`, `status`, `power_id`) values('18','callback','admin','000','主页克隆','主页克隆','1','18');
insert into `org_user_power` (`id`, `account`, `create_account`, `org_code`, `power_name`, `power_note`, `status`, `power_id`) values('19','callback','admin','000','菜单查看','菜单查看','1','19');
insert into `org_user_power` (`id`, `account`, `create_account`, `org_code`, `power_name`, `power_note`, `status`, `power_id`) values('20','callback','admin','000','菜单创建','菜单创建','1','20');
insert into `org_user_power` (`id`, `account`, `create_account`, `org_code`, `power_name`, `power_note`, `status`, `power_id`) values('21','callback','admin','000','菜单修改','菜单修改','1','21');
insert into `org_user_power` (`id`, `account`, `create_account`, `org_code`, `power_name`, `power_note`, `status`, `power_id`) values('22','callback','admin','000','菜单删除','菜单删除','1','22');
insert into `org_user_power` (`id`, `account`, `create_account`, `org_code`, `power_name`, `power_note`, `status`, `power_id`) values('23','callback','admin','000','菜单克隆','菜单克隆','1','23');
insert into `org_user_power` (`id`, `account`, `create_account`, `org_code`, `power_name`, `power_note`, `status`, `power_id`) values('24','callback','admin','000','查看账户列表','查看账户列表','1','24');
insert into `org_user_power` (`id`, `account`, `create_account`, `org_code`, `power_name`, `power_note`, `status`, `power_id`) values('25','callback','admin','000','新增账户','新增账户','1','25');
insert into `org_user_power` (`id`, `account`, `create_account`, `org_code`, `power_name`, `power_note`, `status`, `power_id`) values('26','callback','admin','000','删除账户','删除账户','1','26');
insert into `org_user_power` (`id`, `account`, `create_account`, `org_code`, `power_name`, `power_note`, `status`, `power_id`) values('27','callback','admin','000','修改账户','修改账户','1','27');
insert into `org_user_power` (`id`, `account`, `create_account`, `org_code`, `power_name`, `power_note`, `status`, `power_id`) values('28','callback','admin','000','修改密码(管理)','修改密码(管理)','1','28');
insert into `org_user_power` (`id`, `account`, `create_account`, `org_code`, `power_name`, `power_note`, `status`, `power_id`) values('29','callback','admin','000','修改密码(个人)','修改密码(个人)','1','29');
insert into `org_user_power` (`id`, `account`, `create_account`, `org_code`, `power_name`, `power_note`, `status`, `power_id`) values('30','callback','admin','000','查看账户信息(管理)','查看账户信息(管理)','1','30');
insert into `org_user_power` (`id`, `account`, `create_account`, `org_code`, `power_name`, `power_note`, `status`, `power_id`) values('31','callback','admin','000','组织查看','组织查看','1','31');
insert into `org_user_power` (`id`, `account`, `create_account`, `org_code`, `power_name`, `power_note`, `status`, `power_id`) values('32','callback','admin','000','组织新增','组织新增','1','32');
insert into `org_user_power` (`id`, `account`, `create_account`, `org_code`, `power_name`, `power_note`, `status`, `power_id`) values('33','callback','admin','000','组织禁用','组织禁用','1','33');
insert into `org_user_power` (`id`, `account`, `create_account`, `org_code`, `power_name`, `power_note`, `status`, `power_id`) values('34','callback','admin','000','组织启用','组织启用','1','34');
insert into `org_user_power` (`id`, `account`, `create_account`, `org_code`, `power_name`, `power_note`, `status`, `power_id`) values('35','callback','admin','000','用户授权','用户授权','1','35');
insert into `org_user_power` (`id`, `account`, `create_account`, `org_code`, `power_name`, `power_note`, `status`, `power_id`) values('36','callback','admin','000','删除授权','删除授权','1','36');
insert into `org_user_power` (`id`, `account`, `create_account`, `org_code`, `power_name`, `power_note`, `status`, `power_id`) values('37','callback','admin','000','用户下线','用户下线','1','37');
insert into `org_user_power` (`id`, `account`, `create_account`, `org_code`, `power_name`, `power_note`, `status`, `power_id`) values('38','callback','admin','000','权限分组','权限分组','1','41');
insert into `org_user_power` (`id`, `account`, `create_account`, `org_code`, `power_name`, `power_note`, `status`, `power_id`) values('39','callback','admin','000','组织更新','组织更新','1','42');
insert into `org_user_power` (`id`, `account`, `create_account`, `org_code`, `power_name`, `power_note`, `status`, `power_id`) values('40','callback','admin','000','基础权限','基础权限','1','43');
insert into `org_user_power` (`id`, `account`, `create_account`, `org_code`, `power_name`, `power_note`, `status`, `power_id`) values('41','admin','admin','000','商家查看','商家查看','1','1');
insert into `org_user_power` (`id`, `account`, `create_account`, `org_code`, `power_name`, `power_note`, `status`, `power_id`) values('42','admin','admin','000','商家入驻','商家入驻','1','2');
insert into `org_user_power` (`id`, `account`, `create_account`, `org_code`, `power_name`, `power_note`, `status`, `power_id`) values('43','admin','admin','000','商家修改','商家修改','1','3');
insert into `org_user_power` (`id`, `account`, `create_account`, `org_code`, `power_name`, `power_note`, `status`, `power_id`) values('44','admin','admin','000','同步资源','同步资源','1','4');
insert into `org_user_power` (`id`, `account`, `create_account`, `org_code`, `power_name`, `power_note`, `status`, `power_id`) values('45','admin','admin','000','端口号查看','端口号查看','1','5');
insert into `org_user_power` (`id`, `account`, `create_account`, `org_code`, `power_name`, `power_note`, `status`, `power_id`) values('46','admin','admin','000','端口号创建','端口号创建','1','6');
insert into `org_user_power` (`id`, `account`, `create_account`, `org_code`, `power_name`, `power_note`, `status`, `power_id`) values('47','admin','admin','000','端口号修改','端口号修改','1','7');
insert into `org_user_power` (`id`, `account`, `create_account`, `org_code`, `power_name`, `power_note`, `status`, `power_id`) values('48','admin','admin','000','端口号删除','端口号删除','1','8');
insert into `org_user_power` (`id`, `account`, `create_account`, `org_code`, `power_name`, `power_note`, `status`, `power_id`) values('49','admin','admin','000','服务号查看','服务号查看','1','9');
insert into `org_user_power` (`id`, `account`, `create_account`, `org_code`, `power_name`, `power_note`, `status`, `power_id`) values('50','admin','admin','000','服务号创建','服务号创建','1','10');
insert into `org_user_power` (`id`, `account`, `create_account`, `org_code`, `power_name`, `power_note`, `status`, `power_id`) values('51','admin','admin','000','服务号修改','服务号修改','1','11');
insert into `org_user_power` (`id`, `account`, `create_account`, `org_code`, `power_name`, `power_note`, `status`, `power_id`) values('52','admin','admin','000','服务号删除','服务号删除','1','12');
insert into `org_user_power` (`id`, `account`, `create_account`, `org_code`, `power_name`, `power_note`, `status`, `power_id`) values('53','admin','admin','000','商家冻结','商家冻结','1','13');
insert into `org_user_power` (`id`, `account`, `create_account`, `org_code`, `power_name`, `power_note`, `status`, `power_id`) values('54','admin','admin','000','主页查看','主页查看','1','14');
insert into `org_user_power` (`id`, `account`, `create_account`, `org_code`, `power_name`, `power_note`, `status`, `power_id`) values('55','admin','admin','000','主页创建','主页创建','1','15');
insert into `org_user_power` (`id`, `account`, `create_account`, `org_code`, `power_name`, `power_note`, `status`, `power_id`) values('56','admin','admin','000','主页修改','主页修改','1','16');
insert into `org_user_power` (`id`, `account`, `create_account`, `org_code`, `power_name`, `power_note`, `status`, `power_id`) values('57','admin','admin','000','主页删除','主页删除','1','17');
insert into `org_user_power` (`id`, `account`, `create_account`, `org_code`, `power_name`, `power_note`, `status`, `power_id`) values('58','admin','admin','000','主页克隆','主页克隆','1','18');
insert into `org_user_power` (`id`, `account`, `create_account`, `org_code`, `power_name`, `power_note`, `status`, `power_id`) values('59','admin','admin','000','菜单查看','菜单查看','1','19');
insert into `org_user_power` (`id`, `account`, `create_account`, `org_code`, `power_name`, `power_note`, `status`, `power_id`) values('60','admin','admin','000','菜单创建','菜单创建','1','20');
insert into `org_user_power` (`id`, `account`, `create_account`, `org_code`, `power_name`, `power_note`, `status`, `power_id`) values('61','admin','admin','000','菜单修改','菜单修改','1','21');
insert into `org_user_power` (`id`, `account`, `create_account`, `org_code`, `power_name`, `power_note`, `status`, `power_id`) values('62','admin','admin','000','菜单删除','菜单删除','1','22');
insert into `org_user_power` (`id`, `account`, `create_account`, `org_code`, `power_name`, `power_note`, `status`, `power_id`) values('63','admin','admin','000','菜单克隆','菜单克隆','1','23');
insert into `org_user_power` (`id`, `account`, `create_account`, `org_code`, `power_name`, `power_note`, `status`, `power_id`) values('64','admin','admin','000','查看账户列表','查看账户列表','1','24');
insert into `org_user_power` (`id`, `account`, `create_account`, `org_code`, `power_name`, `power_note`, `status`, `power_id`) values('65','admin','admin','000','新增账户','新增账户','1','25');
insert into `org_user_power` (`id`, `account`, `create_account`, `org_code`, `power_name`, `power_note`, `status`, `power_id`) values('66','admin','admin','000','删除账户','删除账户','1','26');
insert into `org_user_power` (`id`, `account`, `create_account`, `org_code`, `power_name`, `power_note`, `status`, `power_id`) values('67','admin','admin','000','修改账户','修改账户','1','27');
insert into `org_user_power` (`id`, `account`, `create_account`, `org_code`, `power_name`, `power_note`, `status`, `power_id`) values('68','admin','admin','000','修改密码(管理)','修改密码(管理)','1','28');
insert into `org_user_power` (`id`, `account`, `create_account`, `org_code`, `power_name`, `power_note`, `status`, `power_id`) values('69','admin','admin','000','修改密码(个人)','修改密码(个人)','1','29');
insert into `org_user_power` (`id`, `account`, `create_account`, `org_code`, `power_name`, `power_note`, `status`, `power_id`) values('70','admin','admin','000','查看账户信息(管理)','查看账户信息(管理)','1','30');
insert into `org_user_power` (`id`, `account`, `create_account`, `org_code`, `power_name`, `power_note`, `status`, `power_id`) values('71','admin','admin','000','组织查看','组织查看','1','31');
insert into `org_user_power` (`id`, `account`, `create_account`, `org_code`, `power_name`, `power_note`, `status`, `power_id`) values('72','admin','admin','000','组织新增','组织新增','1','32');
insert into `org_user_power` (`id`, `account`, `create_account`, `org_code`, `power_name`, `power_note`, `status`, `power_id`) values('73','admin','admin','000','组织禁用','组织禁用','1','33');
insert into `org_user_power` (`id`, `account`, `create_account`, `org_code`, `power_name`, `power_note`, `status`, `power_id`) values('74','admin','admin','000','组织启用','组织启用','1','34');
insert into `org_user_power` (`id`, `account`, `create_account`, `org_code`, `power_name`, `power_note`, `status`, `power_id`) values('75','admin','admin','000','用户授权','用户授权','1','35');
insert into `org_user_power` (`id`, `account`, `create_account`, `org_code`, `power_name`, `power_note`, `status`, `power_id`) values('76','admin','admin','000','删除授权','删除授权','1','36');
insert into `org_user_power` (`id`, `account`, `create_account`, `org_code`, `power_name`, `power_note`, `status`, `power_id`) values('77','admin','admin','000','用户下线','用户下线','1','37');
insert into `org_user_power` (`id`, `account`, `create_account`, `org_code`, `power_name`, `power_note`, `status`, `power_id`) values('78','admin','admin','000','权限分组','权限分组','1','41');
insert into `org_user_power` (`id`, `account`, `create_account`, `org_code`, `power_name`, `power_note`, `status`, `power_id`) values('79','admin','admin','000','组织更新','组织更新','1','42');
insert into `org_user_power` (`id`, `account`, `create_account`, `org_code`, `power_name`, `power_note`, `status`, `power_id`) values('80','admin','admin','000','基础权限','基础权限','1','43');






insert into `org_power_item` (`id`, `action`, `res_id`, `res_name`, `res_type`, `group_id`, `target`, `grant_code`) values('1','1','2','商家-商家日志表','mysql','1','serv_merchant_log',NULL);
insert into `org_power_item` (`id`, `action`, `res_id`, `res_name`, `res_type`, `group_id`, `target`, `grant_code`) values('2','1','8','组织-组织定义','mysql','1','org_code_defined',NULL);
insert into `org_power_item` (`id`, `action`, `res_id`, `res_name`, `res_type`, `group_id`, `target`, `grant_code`) values('3','1','10','商家-商家主表','mysql','1','serv_merchant',NULL);
insert into `org_power_item` (`id`, `action`, `res_id`, `res_name`, `res_type`, `group_id`, `target`, `grant_code`) values('4','3','2','商家-商家日志表','mysql','2','serv_merchant_log',NULL);
insert into `org_power_item` (`id`, `action`, `res_id`, `res_name`, `res_type`, `group_id`, `target`, `grant_code`) values('5','3','8','组织-组织定义','mysql','2','org_code_defined',NULL);
insert into `org_power_item` (`id`, `action`, `res_id`, `res_name`, `res_type`, `group_id`, `target`, `grant_code`) values('6','3','10','商家-商家主表','mysql','2','serv_merchant',NULL);
insert into `org_power_item` (`id`, `action`, `res_id`, `res_name`, `res_type`, `group_id`, `target`, `grant_code`) values('7','7','2','商家-商家日志表','mysql','3','serv_merchant_log',NULL);
insert into `org_power_item` (`id`, `action`, `res_id`, `res_name`, `res_type`, `group_id`, `target`, `grant_code`) values('8','1','8','组织-组织定义','mysql','3','org_code_defined',NULL);
insert into `org_power_item` (`id`, `action`, `res_id`, `res_name`, `res_type`, `group_id`, `target`, `grant_code`) values('9','7','10','商家-商家主表','mysql','3','serv_merchant',NULL);
insert into `org_power_item` (`id`, `action`, `res_id`, `res_name`, `res_type`, `group_id`, `target`, `grant_code`) values('10','1','2','商家-商家日志表','mysql','4','serv_merchant_log',NULL);
insert into `org_power_item` (`id`, `action`, `res_id`, `res_name`, `res_type`, `group_id`, `target`, `grant_code`) values('11','1','3','端口-端口主表','mysql','4','serv_port',NULL);
insert into `org_power_item` (`id`, `action`, `res_id`, `res_name`, `res_type`, `group_id`, `target`, `grant_code`) values('12','1','4','端口-端口日志表','mysql','4','serv_port_log',NULL);
insert into `org_power_item` (`id`, `action`, `res_id`, `res_name`, `res_type`, `group_id`, `target`, `grant_code`) values('13','1','8','组织-组织定义','mysql','4','org_code_defined',NULL);
insert into `org_power_item` (`id`, `action`, `res_id`, `res_name`, `res_type`, `group_id`, `target`, `grant_code`) values('14','1','10','商家-商家主表','mysql','4','serv_merchant',NULL);
insert into `org_power_item` (`id`, `action`, `res_id`, `res_name`, `res_type`, `group_id`, `target`, `grant_code`) values('15','1','11','服务号-服务号主表','mysql','4','serv_pub',NULL);
insert into `org_power_item` (`id`, `action`, `res_id`, `res_name`, `res_type`, `group_id`, `target`, `grant_code`) values('16','1','13','服务号-服务号日志表','mysql','4','serv_pub_log',NULL);
insert into `org_power_item` (`id`, `action`, `res_id`, `res_name`, `res_type`, `group_id`, `target`, `grant_code`) values('17','1','3','端口-端口主表','mysql','5','serv_port',NULL);
insert into `org_power_item` (`id`, `action`, `res_id`, `res_name`, `res_type`, `group_id`, `target`, `grant_code`) values('18','1','4','端口-端口日志表','mysql','5','serv_port_log',NULL);
insert into `org_power_item` (`id`, `action`, `res_id`, `res_name`, `res_type`, `group_id`, `target`, `grant_code`) values('19','1','8','组织-组织定义','mysql','5','org_code_defined',NULL);
insert into `org_power_item` (`id`, `action`, `res_id`, `res_name`, `res_type`, `group_id`, `target`, `grant_code`) values('20','3','3','端口-端口主表','mysql','6','serv_port',NULL);
insert into `org_power_item` (`id`, `action`, `res_id`, `res_name`, `res_type`, `group_id`, `target`, `grant_code`) values('21','3','4','端口-端口日志表','mysql','6','serv_port_log',NULL);
insert into `org_power_item` (`id`, `action`, `res_id`, `res_name`, `res_type`, `group_id`, `target`, `grant_code`) values('22','1','8','组织-组织定义','mysql','6','org_code_defined',NULL);
insert into `org_power_item` (`id`, `action`, `res_id`, `res_name`, `res_type`, `group_id`, `target`, `grant_code`) values('23','1','10','商家-商家主表','mysql','6','serv_merchant',NULL);
insert into `org_power_item` (`id`, `action`, `res_id`, `res_name`, `res_type`, `group_id`, `target`, `grant_code`) values('24','1','11','服务号-服务号主表','mysql','6','serv_pub',NULL);
insert into `org_power_item` (`id`, `action`, `res_id`, `res_name`, `res_type`, `group_id`, `target`, `grant_code`) values('25','7','3','端口-端口主表','mysql','7','serv_port',NULL);
insert into `org_power_item` (`id`, `action`, `res_id`, `res_name`, `res_type`, `group_id`, `target`, `grant_code`) values('26','7','4','端口-端口日志表','mysql','7','serv_port_log',NULL);
insert into `org_power_item` (`id`, `action`, `res_id`, `res_name`, `res_type`, `group_id`, `target`, `grant_code`) values('27','1','8','组织-组织定义','mysql','7','org_code_defined',NULL);
insert into `org_power_item` (`id`, `action`, `res_id`, `res_name`, `res_type`, `group_id`, `target`, `grant_code`) values('28','1','11','服务号-服务号主表','mysql','7','serv_pub',NULL);
insert into `org_power_item` (`id`, `action`, `res_id`, `res_name`, `res_type`, `group_id`, `target`, `grant_code`) values('29','9','3','端口-端口主表','mysql','8','serv_port',NULL);
insert into `org_power_item` (`id`, `action`, `res_id`, `res_name`, `res_type`, `group_id`, `target`, `grant_code`) values('30','11','4','端口-端口日志表','mysql','8','serv_port_log',NULL);
insert into `org_power_item` (`id`, `action`, `res_id`, `res_name`, `res_type`, `group_id`, `target`, `grant_code`) values('31','1','8','组织-组织定义','mysql','8','org_code_defined',NULL);
insert into `org_power_item` (`id`, `action`, `res_id`, `res_name`, `res_type`, `group_id`, `target`, `grant_code`) values('32','1','3','端口-端口主表','mysql','9','serv_port',NULL);
insert into `org_power_item` (`id`, `action`, `res_id`, `res_name`, `res_type`, `group_id`, `target`, `grant_code`) values('33','1','8','组织-组织定义','mysql','9','org_code_defined',NULL);
insert into `org_power_item` (`id`, `action`, `res_id`, `res_name`, `res_type`, `group_id`, `target`, `grant_code`) values('34','1','11','服务号-服务号主表','mysql','9','serv_pub',NULL);
insert into `org_power_item` (`id`, `action`, `res_id`, `res_name`, `res_type`, `group_id`, `target`, `grant_code`) values('35','1','13','服务号-服务号日志表','mysql','9','serv_pub_log',NULL);
insert into `org_power_item` (`id`, `action`, `res_id`, `res_name`, `res_type`, `group_id`, `target`, `grant_code`) values('36','1','3','端口-端口主表','mysql','10','serv_port',NULL);
insert into `org_power_item` (`id`, `action`, `res_id`, `res_name`, `res_type`, `group_id`, `target`, `grant_code`) values('37','3','8','组织-组织定义','mysql','10','org_code_defined',NULL);
insert into `org_power_item` (`id`, `action`, `res_id`, `res_name`, `res_type`, `group_id`, `target`, `grant_code`) values('38','1','10','商家-商家主表','mysql','10','serv_merchant',NULL);
insert into `org_power_item` (`id`, `action`, `res_id`, `res_name`, `res_type`, `group_id`, `target`, `grant_code`) values('39','3','11','服务号-服务号主表','mysql','10','serv_pub',NULL);
insert into `org_power_item` (`id`, `action`, `res_id`, `res_name`, `res_type`, `group_id`, `target`, `grant_code`) values('40','3','13','服务号-服务号日志表','mysql','10','serv_pub_log',NULL);
insert into `org_power_item` (`id`, `action`, `res_id`, `res_name`, `res_type`, `group_id`, `target`, `grant_code`) values('41','1','3','端口-端口主表','mysql','11','serv_port',NULL);
insert into `org_power_item` (`id`, `action`, `res_id`, `res_name`, `res_type`, `group_id`, `target`, `grant_code`) values('42','1','8','组织-组织定义','mysql','11','org_code_defined',NULL);
insert into `org_power_item` (`id`, `action`, `res_id`, `res_name`, `res_type`, `group_id`, `target`, `grant_code`) values('43','7','11','服务号-服务号主表','mysql','11','serv_pub',NULL);
insert into `org_power_item` (`id`, `action`, `res_id`, `res_name`, `res_type`, `group_id`, `target`, `grant_code`) values('44','7','13','服务号-服务号日志表','mysql','11','serv_pub_log',NULL);
insert into `org_power_item` (`id`, `action`, `res_id`, `res_name`, `res_type`, `group_id`, `target`, `grant_code`) values('45','1','3','端口-端口主表','mysql','12','serv_port',NULL);
insert into `org_power_item` (`id`, `action`, `res_id`, `res_name`, `res_type`, `group_id`, `target`, `grant_code`) values('46','1','8','组织-组织定义','mysql','12','org_code_defined',NULL);
insert into `org_power_item` (`id`, `action`, `res_id`, `res_name`, `res_type`, `group_id`, `target`, `grant_code`) values('47','9','11','服务号-服务号主表','mysql','12','serv_pub',NULL);
insert into `org_power_item` (`id`, `action`, `res_id`, `res_name`, `res_type`, `group_id`, `target`, `grant_code`) values('48','11','13','服务号-服务号日志表','mysql','12','serv_pub_log',NULL);
insert into `org_power_item` (`id`, `action`, `res_id`, `res_name`, `res_type`, `group_id`, `target`, `grant_code`) values('49','1','3','端口-端口主表','mysql','13','serv_port',NULL);
insert into `org_power_item` (`id`, `action`, `res_id`, `res_name`, `res_type`, `group_id`, `target`, `grant_code`) values('50','1','8','组织-组织定义','mysql','13','org_code_defined',NULL);
insert into `org_power_item` (`id`, `action`, `res_id`, `res_name`, `res_type`, `group_id`, `target`, `grant_code`) values('51','1','10','商家-商家主表','mysql','13','serv_merchant',NULL);
insert into `org_power_item` (`id`, `action`, `res_id`, `res_name`, `res_type`, `group_id`, `target`, `grant_code`) values('52','1','11','服务号-服务号主表','mysql','13','serv_pub',NULL);
insert into `org_power_item` (`id`, `action`, `res_id`, `res_name`, `res_type`, `group_id`, `target`, `grant_code`) values('53','3','13','服务号-服务号日志表','mysql','13','serv_pub_log',NULL);
insert into `org_power_item` (`id`, `action`, `res_id`, `res_name`, `res_type`, `group_id`, `target`, `grant_code`) values('54','1','8','组织-组织定义','mysql','14','org_code_defined',NULL);
insert into `org_power_item` (`id`, `action`, `res_id`, `res_name`, `res_type`, `group_id`, `target`, `grant_code`) values('55','1','11','服务号-服务号主表','mysql','14','serv_pub',NULL);
insert into `org_power_item` (`id`, `action`, `res_id`, `res_name`, `res_type`, `group_id`, `target`, `grant_code`) values('56','1','12','主页-主页主表','mysql','14','serv_portal',NULL);
insert into `org_power_item` (`id`, `action`, `res_id`, `res_name`, `res_type`, `group_id`, `target`, `grant_code`) values('57','1','14','主页-主页日志表','mysql','14','serv_portal_log',NULL);
insert into `org_power_item` (`id`, `action`, `res_id`, `res_name`, `res_type`, `group_id`, `target`, `grant_code`) values('58','1','3','端口-端口主表','mysql','15','serv_port',NULL);
insert into `org_power_item` (`id`, `action`, `res_id`, `res_name`, `res_type`, `group_id`, `target`, `grant_code`) values('59','1','6','菜单-菜单主表','mysql','15','serv_menu',NULL);
insert into `org_power_item` (`id`, `action`, `res_id`, `res_name`, `res_type`, `group_id`, `target`, `grant_code`) values('60','1','8','组织-组织定义','mysql','15','org_code_defined',NULL);
insert into `org_power_item` (`id`, `action`, `res_id`, `res_name`, `res_type`, `group_id`, `target`, `grant_code`) values('61','1','10','商家-商家主表','mysql','15','serv_merchant',NULL);
insert into `org_power_item` (`id`, `action`, `res_id`, `res_name`, `res_type`, `group_id`, `target`, `grant_code`) values('62','1','11','服务号-服务号主表','mysql','15','serv_pub',NULL);
insert into `org_power_item` (`id`, `action`, `res_id`, `res_name`, `res_type`, `group_id`, `target`, `grant_code`) values('63','3','12','主页-主页主表','mysql','15','serv_portal',NULL);
insert into `org_power_item` (`id`, `action`, `res_id`, `res_name`, `res_type`, `group_id`, `target`, `grant_code`) values('64','3','14','主页-主页日志表','mysql','15','serv_portal_log',NULL);
insert into `org_power_item` (`id`, `action`, `res_id`, `res_name`, `res_type`, `group_id`, `target`, `grant_code`) values('65','1','3','端口-端口主表','mysql','16','serv_port',NULL);
insert into `org_power_item` (`id`, `action`, `res_id`, `res_name`, `res_type`, `group_id`, `target`, `grant_code`) values('66','1','6','菜单-菜单主表','mysql','16','serv_menu',NULL);
insert into `org_power_item` (`id`, `action`, `res_id`, `res_name`, `res_type`, `group_id`, `target`, `grant_code`) values('67','1','8','组织-组织定义','mysql','16','org_code_defined',NULL);
insert into `org_power_item` (`id`, `action`, `res_id`, `res_name`, `res_type`, `group_id`, `target`, `grant_code`) values('68','1','11','服务号-服务号主表','mysql','16','serv_pub',NULL);
insert into `org_power_item` (`id`, `action`, `res_id`, `res_name`, `res_type`, `group_id`, `target`, `grant_code`) values('69','7','12','主页-主页主表','mysql','16','serv_portal',NULL);
insert into `org_power_item` (`id`, `action`, `res_id`, `res_name`, `res_type`, `group_id`, `target`, `grant_code`) values('70','7','14','主页-主页日志表','mysql','16','serv_portal_log',NULL);
insert into `org_power_item` (`id`, `action`, `res_id`, `res_name`, `res_type`, `group_id`, `target`, `grant_code`) values('71','1','8','组织-组织定义','mysql','17','org_code_defined',NULL);
insert into `org_power_item` (`id`, `action`, `res_id`, `res_name`, `res_type`, `group_id`, `target`, `grant_code`) values('72','1','11','服务号-服务号主表','mysql','17','serv_pub',NULL);
insert into `org_power_item` (`id`, `action`, `res_id`, `res_name`, `res_type`, `group_id`, `target`, `grant_code`) values('73','9','12','主页-主页主表','mysql','17','serv_portal',NULL);
insert into `org_power_item` (`id`, `action`, `res_id`, `res_name`, `res_type`, `group_id`, `target`, `grant_code`) values('74','11','14','主页-主页日志表','mysql','17','serv_portal_log',NULL);
insert into `org_power_item` (`id`, `action`, `res_id`, `res_name`, `res_type`, `group_id`, `target`, `grant_code`) values('75','1','8','组织-组织定义','mysql','18','org_code_defined',NULL);
insert into `org_power_item` (`id`, `action`, `res_id`, `res_name`, `res_type`, `group_id`, `target`, `grant_code`) values('76','1','10','商家-商家主表','mysql','18','serv_merchant',NULL);
insert into `org_power_item` (`id`, `action`, `res_id`, `res_name`, `res_type`, `group_id`, `target`, `grant_code`) values('77','1','11','服务号-服务号主表','mysql','18','serv_pub',NULL);
insert into `org_power_item` (`id`, `action`, `res_id`, `res_name`, `res_type`, `group_id`, `target`, `grant_code`) values('78','1','12','主页-主页主表','mysql','18','serv_portal',NULL);
insert into `org_power_item` (`id`, `action`, `res_id`, `res_name`, `res_type`, `group_id`, `target`, `grant_code`) values('79','3','14','主页-主页日志表','mysql','18','serv_portal_log',NULL);
insert into `org_power_item` (`id`, `action`, `res_id`, `res_name`, `res_type`, `group_id`, `target`, `grant_code`) values('80','1','3','端口-端口主表','mysql','19','serv_port',NULL);
insert into `org_power_item` (`id`, `action`, `res_id`, `res_name`, `res_type`, `group_id`, `target`, `grant_code`) values('81','1','5','菜单-菜单日志表','mysql','19','serv_menu_log',NULL);
insert into `org_power_item` (`id`, `action`, `res_id`, `res_name`, `res_type`, `group_id`, `target`, `grant_code`) values('82','1','6','菜单-菜单主表','mysql','19','serv_menu',NULL);
insert into `org_power_item` (`id`, `action`, `res_id`, `res_name`, `res_type`, `group_id`, `target`, `grant_code`) values('83','1','8','组织-组织定义','mysql','19','org_code_defined',NULL);
insert into `org_power_item` (`id`, `action`, `res_id`, `res_name`, `res_type`, `group_id`, `target`, `grant_code`) values('84','1','11','服务号-服务号主表','mysql','19','serv_pub',NULL);
insert into `org_power_item` (`id`, `action`, `res_id`, `res_name`, `res_type`, `group_id`, `target`, `grant_code`) values('85','1','3','端口-端口主表','mysql','20','serv_port',NULL);
insert into `org_power_item` (`id`, `action`, `res_id`, `res_name`, `res_type`, `group_id`, `target`, `grant_code`) values('86','3','5','菜单-菜单日志表','mysql','20','serv_menu_log',NULL);
insert into `org_power_item` (`id`, `action`, `res_id`, `res_name`, `res_type`, `group_id`, `target`, `grant_code`) values('87','3','6','菜单-菜单主表','mysql','20','serv_menu',NULL);
insert into `org_power_item` (`id`, `action`, `res_id`, `res_name`, `res_type`, `group_id`, `target`, `grant_code`) values('88','1','8','组织-组织定义','mysql','20','org_code_defined',NULL);
insert into `org_power_item` (`id`, `action`, `res_id`, `res_name`, `res_type`, `group_id`, `target`, `grant_code`) values('89','1','10','商家-商家主表','mysql','20','serv_merchant',NULL);
insert into `org_power_item` (`id`, `action`, `res_id`, `res_name`, `res_type`, `group_id`, `target`, `grant_code`) values('90','1','11','服务号-服务号主表','mysql','20','serv_pub',NULL);
insert into `org_power_item` (`id`, `action`, `res_id`, `res_name`, `res_type`, `group_id`, `target`, `grant_code`) values('91','1','3','端口-端口主表','mysql','21','serv_port',NULL);
insert into `org_power_item` (`id`, `action`, `res_id`, `res_name`, `res_type`, `group_id`, `target`, `grant_code`) values('92','7','5','菜单-菜单日志表','mysql','21','serv_menu_log',NULL);
insert into `org_power_item` (`id`, `action`, `res_id`, `res_name`, `res_type`, `group_id`, `target`, `grant_code`) values('93','7','6','菜单-菜单主表','mysql','21','serv_menu',NULL);
insert into `org_power_item` (`id`, `action`, `res_id`, `res_name`, `res_type`, `group_id`, `target`, `grant_code`) values('94','1','8','组织-组织定义','mysql','21','org_code_defined',NULL);
insert into `org_power_item` (`id`, `action`, `res_id`, `res_name`, `res_type`, `group_id`, `target`, `grant_code`) values('95','1','10','商家-商家主表','mysql','21','serv_merchant',NULL);
insert into `org_power_item` (`id`, `action`, `res_id`, `res_name`, `res_type`, `group_id`, `target`, `grant_code`) values('96','1','11','服务号-服务号主表','mysql','21','serv_pub',NULL);
insert into `org_power_item` (`id`, `action`, `res_id`, `res_name`, `res_type`, `group_id`, `target`, `grant_code`) values('97','1','3','端口-端口主表','mysql','22','serv_port',NULL);
insert into `org_power_item` (`id`, `action`, `res_id`, `res_name`, `res_type`, `group_id`, `target`, `grant_code`) values('98','11','5','菜单-菜单日志表','mysql','22','serv_menu_log',NULL);
insert into `org_power_item` (`id`, `action`, `res_id`, `res_name`, `res_type`, `group_id`, `target`, `grant_code`) values('99','9','6','菜单-菜单主表','mysql','22','serv_menu',NULL);
insert into `org_power_item` (`id`, `action`, `res_id`, `res_name`, `res_type`, `group_id`, `target`, `grant_code`) values('100','1','8','组织-组织定义','mysql','22','org_code_defined',NULL);
insert into `org_power_item` (`id`, `action`, `res_id`, `res_name`, `res_type`, `group_id`, `target`, `grant_code`) values('101','1','11','服务号-服务号主表','mysql','22','serv_pub',NULL);
insert into `org_power_item` (`id`, `action`, `res_id`, `res_name`, `res_type`, `group_id`, `target`, `grant_code`) values('102','1','3','端口-端口主表','mysql','23','serv_port',NULL);
insert into `org_power_item` (`id`, `action`, `res_id`, `res_name`, `res_type`, `group_id`, `target`, `grant_code`) values('103','3','5','菜单-菜单日志表','mysql','23','serv_menu_log',NULL);
insert into `org_power_item` (`id`, `action`, `res_id`, `res_name`, `res_type`, `group_id`, `target`, `grant_code`) values('104','1','6','菜单-菜单主表','mysql','23','serv_menu',NULL);
insert into `org_power_item` (`id`, `action`, `res_id`, `res_name`, `res_type`, `group_id`, `target`, `grant_code`) values('105','1','8','组织-组织定义','mysql','23','org_code_defined',NULL);
insert into `org_power_item` (`id`, `action`, `res_id`, `res_name`, `res_type`, `group_id`, `target`, `grant_code`) values('106','1','10','商家-商家主表','mysql','23','serv_merchant',NULL);
insert into `org_power_item` (`id`, `action`, `res_id`, `res_name`, `res_type`, `group_id`, `target`, `grant_code`) values('107','1','11','服务号-服务号主表','mysql','23','serv_pub',NULL);
insert into `org_power_item` (`id`, `action`, `res_id`, `res_name`, `res_type`, `group_id`, `target`, `grant_code`) values('108','1','8','组织-组织定义','mysql','24','org_code_defined',NULL);
insert into `org_power_item` (`id`, `action`, `res_id`, `res_name`, `res_type`, `group_id`, `target`, `grant_code`) values('109','1','15','用户-账户表','mysql','24','serv_user_info',NULL);
insert into `org_power_item` (`id`, `action`, `res_id`, `res_name`, `res_type`, `group_id`, `target`, `grant_code`) values('110','15','17','用户-用户列表查看','api','24','/UserInfoManage/query',NULL);
insert into `org_power_item` (`id`, `action`, `res_id`, `res_name`, `res_type`, `group_id`, `target`, `grant_code`) values('111','1','8','组织-组织定义','mysql','25','org_code_defined',NULL);
insert into `org_power_item` (`id`, `action`, `res_id`, `res_name`, `res_type`, `group_id`, `target`, `grant_code`) values('112','1','9','组织-组织授权','mysql','25','org_user_granted',NULL);
insert into `org_power_item` (`id`, `action`, `res_id`, `res_name`, `res_type`, `group_id`, `target`, `grant_code`) values('113','3','15','用户-账户表','mysql','25','serv_user_info',NULL);
insert into `org_power_item` (`id`, `action`, `res_id`, `res_name`, `res_type`, `group_id`, `target`, `grant_code`) values('114','15','16','用户-新建用户','api','25','/UserInfoManage/add',NULL);
insert into `org_power_item` (`id`, `action`, `res_id`, `res_name`, `res_type`, `group_id`, `target`, `grant_code`) values('115','15','30','组织-组织查询','api','25','/OrgManage/queryOrg',NULL);
insert into `org_power_item` (`id`, `action`, `res_id`, `res_name`, `res_type`, `group_id`, `target`, `grant_code`) values('116','3','41','权限-用户权限表','mysql','25','org_user_power',NULL);
insert into `org_power_item` (`id`, `action`, `res_id`, `res_name`, `res_type`, `group_id`, `target`, `grant_code`) values('117','9','9','组织-组织授权','mysql','26','org_user_granted',NULL);
insert into `org_power_item` (`id`, `action`, `res_id`, `res_name`, `res_type`, `group_id`, `target`, `grant_code`) values('118','9','15','用户-账户表','mysql','26','serv_user_info',NULL);
insert into `org_power_item` (`id`, `action`, `res_id`, `res_name`, `res_type`, `group_id`, `target`, `grant_code`) values('119','15','17','用户-用户列表查看','api','26','/UserInfoManage/query',NULL);
insert into `org_power_item` (`id`, `action`, `res_id`, `res_name`, `res_type`, `group_id`, `target`, `grant_code`) values('120','15','19','用户-用户删除','api','26','/UserInfoManage/delUserInfoById',NULL);
insert into `org_power_item` (`id`, `action`, `res_id`, `res_name`, `res_type`, `group_id`, `target`, `grant_code`) values('121','9','41','权限-用户权限表','mysql','26','org_user_power',NULL);
insert into `org_power_item` (`id`, `action`, `res_id`, `res_name`, `res_type`, `group_id`, `target`, `grant_code`) values('122','1','8','组织-组织定义','mysql','27','org_code_defined',NULL);
insert into `org_power_item` (`id`, `action`, `res_id`, `res_name`, `res_type`, `group_id`, `target`, `grant_code`) values('123','5','15','用户-账户表','mysql','27','serv_user_info',NULL);
insert into `org_power_item` (`id`, `action`, `res_id`, `res_name`, `res_type`, `group_id`, `target`, `grant_code`) values('124','15','17','用户-用户列表查看','api','27','/UserInfoManage/query',NULL);
insert into `org_power_item` (`id`, `action`, `res_id`, `res_name`, `res_type`, `group_id`, `target`, `grant_code`) values('125','15','18','用户-用户修改','api','27','/UserInfoManage/updateUserInfo',NULL);
insert into `org_power_item` (`id`, `action`, `res_id`, `res_name`, `res_type`, `group_id`, `target`, `grant_code`) values('126','5','15','用户-账户表','mysql','28','serv_user_info',NULL);
insert into `org_power_item` (`id`, `action`, `res_id`, `res_name`, `res_type`, `group_id`, `target`, `grant_code`) values('127','15','20','用户-修改密码(管理)','api','28','/UserInfoManage/changepwd',NULL);
insert into `org_power_item` (`id`, `action`, `res_id`, `res_name`, `res_type`, `group_id`, `target`, `grant_code`) values('128','5','15','用户-账户表','mysql','29','serv_user_info',NULL);
insert into `org_power_item` (`id`, `action`, `res_id`, `res_name`, `res_type`, `group_id`, `target`, `grant_code`) values('129','15','20','用户-修改密码(管理)','api','29','/UserInfoManage/changepwd',NULL);
insert into `org_power_item` (`id`, `action`, `res_id`, `res_name`, `res_type`, `group_id`, `target`, `grant_code`) values('130','1','8','组织-组织定义','mysql','30','org_code_defined',NULL);
insert into `org_power_item` (`id`, `action`, `res_id`, `res_name`, `res_type`, `group_id`, `target`, `grant_code`) values('131','1','15','用户-账户表','mysql','30','serv_user_info',NULL);
insert into `org_power_item` (`id`, `action`, `res_id`, `res_name`, `res_type`, `group_id`, `target`, `grant_code`) values('132','15','17','用户-用户列表查看','api','30','/UserInfoManage/query',NULL);
insert into `org_power_item` (`id`, `action`, `res_id`, `res_name`, `res_type`, `group_id`, `target`, `grant_code`) values('133','1','8','组织-组织定义','mysql','31','org_code_defined',NULL);
insert into `org_power_item` (`id`, `action`, `res_id`, `res_name`, `res_type`, `group_id`, `target`, `grant_code`) values('134','15','30','组织-组织查询','api','31','/OrgManage/queryOrg',NULL);
insert into `org_power_item` (`id`, `action`, `res_id`, `res_name`, `res_type`, `group_id`, `target`, `grant_code`) values('135','15','31','组织-组织查询(多层级)','api','31','/OrgManage/queryMulOrgs',NULL);
insert into `org_power_item` (`id`, `action`, `res_id`, `res_name`, `res_type`, `group_id`, `target`, `grant_code`) values('136','3','8','组织-组织定义','mysql','32','org_code_defined',NULL);
insert into `org_power_item` (`id`, `action`, `res_id`, `res_name`, `res_type`, `group_id`, `target`, `grant_code`) values('137','15','25','组织-组织新增','api','32','/OrgManage/saveOrg',NULL);
insert into `org_power_item` (`id`, `action`, `res_id`, `res_name`, `res_type`, `group_id`, `target`, `grant_code`) values('138','15','27','组织-组织批量新增','api','32','/OrgManage/saveOrgByExcel',NULL);
insert into `org_power_item` (`id`, `action`, `res_id`, `res_name`, `res_type`, `group_id`, `target`, `grant_code`) values('139','5','8','组织-组织定义','mysql','33','org_code_defined',NULL);
insert into `org_power_item` (`id`, `action`, `res_id`, `res_name`, `res_type`, `group_id`, `target`, `grant_code`) values('140','15','28','组织-组织禁用','api','33','/OrgManage/disableOrg',NULL);
insert into `org_power_item` (`id`, `action`, `res_id`, `res_name`, `res_type`, `group_id`, `target`, `grant_code`) values('141','5','8','组织-组织定义','mysql','34','org_code_defined',NULL);
insert into `org_power_item` (`id`, `action`, `res_id`, `res_name`, `res_type`, `group_id`, `target`, `grant_code`) values('142','15','29','组织-组织启用','api','34','/OrgManage/openOrg',NULL);
insert into `org_power_item` (`id`, `action`, `res_id`, `res_name`, `res_type`, `group_id`, `target`, `grant_code`) values('143','1','7','组织-功能定义','mysql','35','org_resource_defined',NULL);
insert into `org_power_item` (`id`, `action`, `res_id`, `res_name`, `res_type`, `group_id`, `target`, `grant_code`) values('144','1','8','组织-组织定义','mysql','35','org_code_defined',NULL);
insert into `org_power_item` (`id`, `action`, `res_id`, `res_name`, `res_type`, `group_id`, `target`, `grant_code`) values('145','1','9','组织-组织授权','mysql','35','org_user_granted',NULL);
insert into `org_power_item` (`id`, `action`, `res_id`, `res_name`, `res_type`, `group_id`, `target`, `grant_code`) values('146','1','15','用户-账户表','mysql','35','serv_user_info',NULL);
insert into `org_power_item` (`id`, `action`, `res_id`, `res_name`, `res_type`, `group_id`, `target`, `grant_code`) values('147','15','24','组织-授权列表','api','35','/UserInfoManage/getUserGranted',NULL);
insert into `org_power_item` (`id`, `action`, `res_id`, `res_name`, `res_type`, `group_id`, `target`, `grant_code`) values('148','15','36','组织-用户授权','api','35','/PowerManage/grant',NULL);
insert into `org_power_item` (`id`, `action`, `res_id`, `res_name`, `res_type`, `group_id`, `target`, `grant_code`) values('149','15','38','组织-分组授权','api','35','/GroupManage/grantByGroup',NULL);
insert into `org_power_item` (`id`, `action`, `res_id`, `res_name`, `res_type`, `group_id`, `target`, `grant_code`) values('150','11','41','权限-用户权限表','mysql','35','org_user_power',NULL);
insert into `org_power_item` (`id`, `action`, `res_id`, `res_name`, `res_type`, `group_id`, `target`, `grant_code`) values('151','15','37','组织-用户驳权','api','36','/PowerManage/reject',NULL);
insert into `org_power_item` (`id`, `action`, `res_id`, `res_name`, `res_type`, `group_id`, `target`, `grant_code`) values('152','9','41','权限-用户权限表','mysql','36','org_user_power',NULL);
insert into `org_power_item` (`id`, `action`, `res_id`, `res_name`, `res_type`, `group_id`, `target`, `grant_code`) values('153','5','15','用户-账户表','mysql','37','serv_user_info',NULL);
insert into `org_power_item` (`id`, `action`, `res_id`, `res_name`, `res_type`, `group_id`, `target`, `grant_code`) values('154','15','23','用户-用户下线','api','37','/UserInfoManage/forceOffLine',NULL);
insert into `org_power_item` (`id`, `action`, `res_id`, `res_name`, `res_type`, `group_id`, `target`, `grant_code`) values('155','15','42','权限-添加分组','api','41','/GroupManage/addGroup',NULL);
insert into `org_power_item` (`id`, `action`, `res_id`, `res_name`, `res_type`, `group_id`, `target`, `grant_code`) values('156','15','43','权限-删除分组','api','41','/GroupManage/deletePowerGroup',NULL);
insert into `org_power_item` (`id`, `action`, `res_id`, `res_name`, `res_type`, `group_id`, `target`, `grant_code`) values('157','15','44','权限-添加权限分组子项','api','41','/GroupManage/addPowerToGroup',NULL);
insert into `org_power_item` (`id`, `action`, `res_id`, `res_name`, `res_type`, `group_id`, `target`, `grant_code`) values('158','15','45','权限-删除权限分组子项','api','41','/GroupManage/deleteGroup',NULL);
insert into `org_power_item` (`id`, `action`, `res_id`, `res_name`, `res_type`, `group_id`, `target`, `grant_code`) values('159','15','46','权限-查询权限分组','api','41','/GroupManage/queryGroup',NULL);
insert into `org_power_item` (`id`, `action`, `res_id`, `res_name`, `res_type`, `group_id`, `target`, `grant_code`) values('160','5','8','组织-组织定义','mysql','42','org_code_defined',NULL);
insert into `org_power_item` (`id`, `action`, `res_id`, `res_name`, `res_type`, `group_id`, `target`, `grant_code`) values('161','15','26','组织-组织更新','api','42','/OrgManage/updateOrg',NULL);
insert into `org_power_item` (`id`, `action`, `res_id`, `res_name`, `res_type`, `group_id`, `target`, `grant_code`) values('162','1','7','组织-功能定义','mysql','43','org_resource_defined','000');
insert into `org_power_item` (`id`, `action`, `res_id`, `res_name`, `res_type`, `group_id`, `target`, `grant_code`) values('163','1','8','组织-组织定义','mysql','43','org_code_defined','000');
insert into `org_power_item` (`id`, `action`, `res_id`, `res_name`, `res_type`, `group_id`, `target`, `grant_code`) values('164','1','9','组织-组织授权','mysql','43','org_user_granted',NULL);
insert into `org_power_item` (`id`, `action`, `res_id`, `res_name`, `res_type`, `group_id`, `target`, `grant_code`) values('165','7','15','用户-账户表','mysql','43','serv_user_info',NULL);
insert into `org_power_item` (`id`, `action`, `res_id`, `res_name`, `res_type`, `group_id`, `target`, `grant_code`) values('166','15','17','用户-用户列表查看','api','43','/UserInfoManage/query',NULL);
insert into `org_power_item` (`id`, `action`, `res_id`, `res_name`, `res_type`, `group_id`, `target`, `grant_code`) values('167','15','21','用户-用户详情','api','43','/UserInfoManage/getuserinfo',NULL);
insert into `org_power_item` (`id`, `action`, `res_id`, `res_name`, `res_type`, `group_id`, `target`, `grant_code`) values('168','15','23','用户-用户下线','api','43','/UserInfoManage/forceOffLine',NULL);
insert into `org_power_item` (`id`, `action`, `res_id`, `res_name`, `res_type`, `group_id`, `target`, `grant_code`) values('169','15','24','组织-授权列表','api','43','/UserInfoManage/getUserGranted',NULL);
insert into `org_power_item` (`id`, `action`, `res_id`, `res_name`, `res_type`, `group_id`, `target`, `grant_code`) values('170','1','41','权限-用户权限表','mysql','43','org_user_power',NULL);